<?xml version="1.0" encoding="utf-8" ?>
<dwsync>
<file name="bB.png" server="chi-node4.websitehostserver.net/public_html/thechesstutor/" local="131971707600000000" remote="131983723200000000" />
<file name="bK.png" server="chi-node4.websitehostserver.net/public_html/thechesstutor/" local="131971707600000000" remote="131983723200000000" />
<file name="bN.png" server="chi-node4.websitehostserver.net/public_html/thechesstutor/" local="131971707600000000" remote="131983723200000000" />
<file name="bP.png" server="chi-node4.websitehostserver.net/public_html/thechesstutor/" local="131971707600000000" remote="131983723200000000" />
<file name="bQ.png" server="chi-node4.websitehostserver.net/public_html/thechesstutor/" local="131971707600000000" remote="131983723200000000" />
<file name="bR.png" server="chi-node4.websitehostserver.net/public_html/thechesstutor/" local="131971707600000000" remote="131983723200000000" />
<file name="wB.png" server="chi-node4.websitehostserver.net/public_html/thechesstutor/" local="131971707600000000" remote="131983723200000000" />
<file name="wK.png" server="chi-node4.websitehostserver.net/public_html/thechesstutor/" local="131971707600000000" remote="131983723200000000" />
<file name="wN.png" server="chi-node4.websitehostserver.net/public_html/thechesstutor/" local="131971707600000000" remote="131983723200000000" />
<file name="wP.png" server="chi-node4.websitehostserver.net/public_html/thechesstutor/" local="131971707600000000" remote="131983723200000000" />
<file name="wQ.png" server="chi-node4.websitehostserver.net/public_html/thechesstutor/" local="131971707600000000" remote="131983723200000000" />
<file name="wR.png" server="chi-node4.websitehostserver.net/public_html/thechesstutor/" local="131971707600000000" remote="131983723200000000" />
</dwsync>